mapchecks,steps,reward,belief
0,18,43.02943725152285,0
3,34,25.372583002030474,4.0
3,30,30.615223689149758,4.0
4,27,34.02943725152285,2.0
1,26,33.37258300203047,2.0
1,22,38.61522368914976,2.0
1,24,36.201010126776666,2.0
3,30,30.201010126776662,4.0
1,23,37.61522368914976,2.0
2,29,31.615223689149758,3.5
3,30,30.201010126776666,3.0
1,22,39.02943725152285,2.0
3,30,31.029437251522854,4.0
5,39,19.958369439657382,2.0
1,23,37.61522368914976,2.0
0,20,40.61522368914976,0
6,37,23.61522368914976,3.5
0,19,42.02943725152285,0
3,30,31.029437251522854,2.0
1,22,39.02943725152285,2.0
8,47,13.615223689149762,3.0
2,32,26.958369439657375,2.5
2,28,32.61522368914976,3.0
2,28,33.02943725152285,3.0
4,31,29.615223689149758,3.0
5,42,17.78679656440357,4.0
0,20,40.61522368914976,0
1,25,35.61522368914976,2.0
1,29,30.786796564403566,4.0
1,25,35.201010126776666,4.0
4,36,23.78679656440357,4.0
0,23,37.201010126776666,0
0,21,39.61522368914976,0
0,22,38.61522368914976,0
1,25,35.201010126776666,2.0
2,28,31.786796564403566,3.0
3,34,25.786796564403566,4.0
0,21,40.02943725152285,0
2,28,32.201010126776666,3.0
2,27,33.61522368914976,3.0
1,25,35.201010126776666,4.0
0,21,39.61522368914976,0
5,37,22.372583002030474,2.0
1,23,37.61522368914976,2.0
2,27,33.61522368914976,1.5
2,24,37.02943725152285,3.0
2,30,30.201010126776662,4.0
7,41,17.958369439657382,2.0
1,21,40.02943725152285,2.0
6,37,24.029437251522854,2.5
2,28,31.786796564403566,3.0
2,26,35.02943725152285,3.0
0,21,40.02943725152285,0
1,24,36.61522368914976,2.0
0,22,38.61522368914976,0
0,22,37.786796564403566,0
1,25,35.201010126776666,4.0
3,31,29.615223689149758,2.0
1,25,35.61522368914976,4.0
1,26,35.02943725152285,4.0
1,24,35.786796564403566,2.0
1,25,35.61522368914976,2.0
1,26,35.02943725152285,4.0
1,24,37.02943725152285,4.0
0,23,37.61522368914976,0
1,22,38.61522368914976,2.0
2,23,38.02943725152285,2.0
0,19,42.02943725152285,0
2,26,35.02943725152285,3.0
0,25,34.786796564403566,0
1,29,30.37258300203047,2.0
1,22,39.02943725152285,2.0
4,37,21.958369439657382,2.0
1,27,32.37258300203047,2.0
0,23,36.786796564403566,0
3,30,29.786796564403566,4.0
2,25,35.61522368914976,2.0
1,25,35.61522368914976,4.0
2,27,33.61522368914976,3.5
0,18,43.02943725152285,0
2,26,34.61522368914976,4.0
4,33,27.61522368914976,2.5
1,25,35.201010126776666,4.0
0,21,39.61522368914976,0
1,23,38.02943725152285,2.0
2,29,30.786796564403566,3.0
1,24,36.61522368914976,2.0
1,24,36.61522368914976,2.0
6,35,26.029437251522857,2.5
1,23,37.201010126776666,2.0
1,27,33.201010126776666,4.0
7,45,15.615223689149763,2.0
1,24,36.201010126776666,2.0
5,40,20.201010126776666,4.0
3,29,31.615223689149758,2.0
2,30,29.786796564403566,3.0
0,21,39.201010126776666,0
3,30,31.029437251522854,2.0
0,19,41.61522368914976,0
0,21,40.02943725152285,0
1,28,31.786796564403566,2.0
0,22,38.61522368914976,0
2,29,30.786796564403566,4.0
2,23,38.02943725152285,2.5
3,27,33.201010126776666,3.0
4,38,21.786796564403573,2.0
1,23,37.201010126776666,2.0
0,20,40.201010126776666,0
1,25,36.02943725152285,4.0
0,19,42.02943725152285,0
4,29,31.615223689149758,4.0
1,25,35.61522368914976,4.0
5,39,19.12994231491119,2.0
2,27,32.37258300203047,2.0
1,24,36.201010126776666,2.0
1,22,39.02943725152285,2.0
5,33,28.029437251522854,3.0
2,26,35.02943725152285,3.0
3,34,25.786796564403566,4.0
4,34,26.615223689149758,4.0
0,20,40.61522368914976,0
1,27,33.61522368914976,2.0
1,25,35.201010126776666,2.0
5,34,26.615223689149758,2.0
1,26,33.786796564403566,2.0
1,22,39.02943725152285,2.0
0,19,42.02943725152285,0
5,34,26.201010126776666,3.0
1,22,39.02943725152285,2.0
2,26,34.61522368914976,4.0
7,38,23.029437251522857,2.0
3,32,27.786796564403563,2.0
2,27,33.61522368914976,4.0
6,37,23.201010126776666,3.0
0,21,39.61522368914976,0
1,22,39.02943725152285,2.0
1,25,35.61522368914976,4.0
1,26,34.61522368914976,4.0
1,23,38.02943725152285,4.0
0,21,39.201010126776666,0
0,19,42.02943725152285,0
1,25,35.201010126776666,2.0
1,23,37.61522368914976,2.0
5,35,25.615223689149758,3.0
1,25,35.61522368914976,2.0
1,25,35.201010126776666,2.0
1,22,39.02943725152285,2.0
1,26,34.61522368914976,4.0
3,33,26.372583002030474,4.0
0,23,37.201010126776666,0
0,23,37.201010126776666,0
6,40,19.786796564403573,3.0
1,25,35.61522368914976,2.0
2,28,32.61522368914976,3.0
1,27,33.201010126776666,2.0
1,24,35.786796564403566,2.0
3,31,28.786796564403566,4.0
0,21,39.61522368914976,0
5,36,23.78679656440357,2.0
2,26,35.02943725152285,3.0
1,24,35.786796564403566,2.0
2,27,33.61522368914976,1.5
0,20,40.61522368914976,0
1,23,38.02943725152285,2.0
1,25,35.61522368914976,4.0
8,48,12.201010126776668,4.0
4,33,27.201010126776662,3.5
3,36,23.372583002030478,2.0
2,28,32.201010126776666,3.0
0,19,42.02943725152285,0
0,23,37.201010126776666,0
0,21,39.201010126776666,0
1,25,35.61522368914976,2.0
2,25,36.02943725152285,3.0
1,25,36.02943725152285,4.0
0,20,41.02943725152285,0
5,37,21.544155877284286,3.0
9,49,11.615223689149762,3.0
1,23,37.61522368914976,2.0
2,30,29.786796564403566,3.0
1,25,35.61522368914976,2.0
2,28,32.201010126776666,2.0
1,22,38.61522368914976,2.0
0,21,39.201010126776666,0
3,30,30.201010126776662,4.0
1,26,33.786796564403566,2.0
1,27,32.37258300203047,2.0
7,43,16.372583002030478,3.0
6,39,20.372583002030478,3.0
0,20,40.61522368914976,0
0,19,42.02943725152285,0
0,20,40.201010126776666,0
2,24,37.02943725152285,2.0
2,27,33.201010126776666,3.0
1,24,37.02943725152285,2.0
0,21,39.61522368914976,0
4,32,27.786796564403566,4.0
0,20,40.201010126776666,0
0,23,35.958369439657375,0
2,27,33.61522368914976,2.5
1,24,37.02943725152285,2.0
1,23,38.02943725152285,4.0
1,23,36.78679656440356,2.0
5,35,25.615223689149758,4.0
0,20,40.201010126776666,0
1,26,34.61522368914976,2.0
0,22,38.201010126776666,0
2,29,30.786796564403566,2.5
0,20,41.02943725152285,0
1,22,38.61522368914976,2.0
0,22,38.201010126776666,0
1,24,36.61522368914976,2.0
8,45,15.615223689149762,2.5
2,25,36.02943725152285,2.0
7,41,19.61522368914976,4.0
5,37,22.786796564403573,2.0
4,36,24.201010126776666,3.0
1,30,28.54415587728428,4.0
7,39,21.201010126776666,2.0
4,31,29.615223689149754,2.5
3,32,28.615223689149758,2.0
4,34,26.615223689149758,3.0
8,45,15.615223689149762,3.0
5,37,23.615223689149765,4.0
0,22,38.61522368914976,0
0,23,36.786796564403566,0
1,21,40.02943725152285,2.0
1,23,38.02943725152285,2.0
0,20,40.61522368914976,0
2,25,36.02943725152285,3.0
5,38,22.201010126776666,2.0
1,22,38.61522368914976,2.0
3,32,27.37258300203047,1.0
2,29,30.786796564403566,3.5
2,28,30.958369439657375,3.0
0,21,39.61522368914976,0
0,19,41.61522368914976,0
1,24,36.61522368914976,2.0
2,25,36.02943725152285,2.5
5,41,17.958369439657382,4.0
2,23,38.02943725152285,2.5
3,27,33.61522368914976,3.0
2,31,29.201010126776662,4.5
5,33,27.615223689149758,2.0
0,22,38.201010126776666,0
0,24,35.786796564403566,0
0,21,39.61522368914976,0
1,22,38.61522368914976,2.0
6,36,23.786796564403566,2.0
2,24,37.02943725152285,2.5
2,25,35.201010126776666,2.0
5,35,25.201010126776666,4.0
2,24,37.02943725152285,2.5
0,19,42.02943725152285,0
0,22,38.61522368914976,0
1,26,34.201010126776666,2.0
0,19,41.61522368914976,0
3,28,33.02943725152285,2.0
0,20,40.201010126776666,0
1,24,36.61522368914976,2.0
1,24,36.201010126776666,2.0
2,25,34.786796564403566,2.5
0,21,39.201010126776666,0
1,22,39.02943725152285,2.0
0,21,39.201010126776666,0
0,20,40.61522368914976,0
1,26,34.61522368914976,4.0
3,31,29.615223689149758,4.0
2,27,33.61522368914976,2.5
2,28,33.02943725152285,3.0
0,23,37.61522368914976,0
3,30,29.786796564403566,2.0
4,35,26.029437251522857,4.0
3,33,26.78679656440357,2.0
1,21,40.02943725152285,2.0
0,21,39.61522368914976,0
0,18,43.02943725152285,0
0,20,40.61522368914976,0
1,21,40.02943725152285,2.0
7,38,21.78679656440357,3.0
3,28,33.02943725152285,2.0
4,35,23.95836943965738,2.0
0,20,40.61522368914976,0
1,28,31.786796564403566,4.0
4,36,23.786796564403566,3.0
0,18,43.02943725152285,0
4,32,28.615223689149758,3.0
0,19,41.61522368914976,0
5,38,21.372583002030474,3.0
6,37,23.615223689149765,2.5
1,23,38.02943725152285,4.0
6,41,18.372583002030478,3.0
1,24,37.02943725152285,4.0
3,29,32.02943725152285,2.0
4,33,26.786796564403566,2.0
3,27,34.02943725152285,2.0
1,22,39.02943725152285,2.0
0,20,40.61522368914976,0
1,26,34.201010126776666,4.0
5,33,27.615223689149758,2.0
0,20,40.61522368914976,0
0,25,34.786796564403566,0
3,31,29.201010126776666,2.0
1,23,37.61522368914976,2.0
0,19,42.02943725152285,0
5,37,22.78679656440357,2.0
3,28,32.61522368914976,4.0
0,23,37.201010126776666,0
0,19,41.61522368914976,0
2,27,33.61522368914976,3.0
1,24,36.61522368914976,2.0
1,22,39.02943725152285,2.0
0,22,39.02943725152285,0
1,25,35.201010126776666,4.0
0,22,39.02943725152285,0
1,25,34.786796564403566,2.0
2,25,35.61522368914976,2.0
0,21,40.02943725152285,0
1,24,36.61522368914976,2.0
3,29,31.615223689149758,2.0
3,35,24.372583002030474,2.0
4,36,24.61522368914976,3.5
4,34,26.201010126776666,1.5
1,27,32.786796564403566,4.0
0,18,43.02943725152285,0
2,29,30.37258300203047,4.0
1,23,37.61522368914976,2.0
2,27,32.786796564403566,2.0
4,32,27.786796564403566,3.5
2,26,35.02943725152285,3.0
0,20,41.02943725152285,0
2,27,32.786796564403566,2.5
3,25,36.02943725152285,2.0
2,27,33.61522368914976,2.5
1,23,38.02943725152285,2.0
2,27,34.02943725152285,4.0
1,25,36.02943725152285,4.0
0,20,41.02943725152285,0
4,33,27.615223689149758,2.0
4,35,24.786796564403566,2.0
1,28,31.37258300203047,4.0
1,25,35.61522368914976,2.0
1,23,37.61522368914976,2.0
4,29,31.201010126776666,2.5
1,21,40.02943725152285,2.0
2,28,33.02943725152285,3.0
0,19,42.02943725152285,0
0,21,40.02943725152285,0
3,32,27.786796564403566,2.0
1,22,38.61522368914976,2.0
5,35,25.615223689149758,4.0
3,30,31.029437251522854,2.0
2,27,33.61522368914976,2.0
0,22,37.786796564403566,0
0,20,41.02943725152285,0
4,34,26.615223689149758,2.5
2,25,36.02943725152285,3.0
0,19,42.02943725152285,0
0,22,37.786796564403566,0
3,31,28.786796564403566,4.0
0,22,38.201010126776666,0
0,21,39.201010126776666,0
0,21,39.61522368914976,0
0,19,42.02943725152285,0
0,21,39.61522368914976,0
5,37,22.372583002030474,3.0
1,24,37.02943725152285,4.0
1,26,34.61522368914976,2.0
1,27,32.37258300203047,2.0
0,18,43.02943725152285,0
6,35,26.029437251522857,3.5
1,24,36.201010126776666,2.0
0,21,40.02943725152285,0
4,29,31.201010126776662,3.0
1,24,36.201010126776666,2.0
2,32,26.544155877284282,3.0
2,29,31.201010126776662,3.0
2,30,30.201010126776662,3.0
3,26,34.61522368914976,3.0
1,26,34.201010126776666,2.0
0,20,41.02943725152285,0
1,26,34.201010126776666,4.0
1,24,37.02943725152285,2.0
6,40,20.615223689149765,2.5
6,37,22.786796564403566,2.0
3,32,28.615223689149758,3.0
0,21,39.201010126776666,0
3,25,36.02943725152285,2.0
1,24,36.201010126776666,2.0
3,29,31.615223689149758,4.0
0,22,38.61522368914976,0
5,41,17.544155877284286,3.0
2,27,33.201010126776666,2.0
0,18,43.02943725152285,0
1,26,34.201010126776666,4.0
2,27,32.786796564403566,2.0
3,35,23.95836943965738,3.0
0,21,39.201010126776666,0
3,32,28.615223689149758,2.0
2,26,34.61522368914976,2.0
0,22,38.61522368914976,0
1,25,35.201010126776666,4.0
0,21,39.61522368914976,0
1,23,37.201010126776666,2.0
0,23,36.37258300203047,0
1,27,33.201010126776666,2.0
2,26,35.02943725152285,3.0
4,33,26.372583002030474,2.5
0,21,39.61522368914976,0
1,24,36.61522368914976,2.0
0,21,40.02943725152285,0
0,19,42.02943725152285,0
7,40,21.029437251522857,2.0
5,37,22.372583002030474,3.0
0,20,40.61522368914976,0
4,34,27.029437251522854,3.0
6,41,18.786796564403573,2.0
2,27,34.02943725152285,3.5
2,27,33.61522368914976,3.0
2,24,37.02943725152285,3.0
1,25,36.02943725152285,2.0
0,21,39.61522368914976,0
2,26,34.61522368914976,1.5
4,34,26.615223689149758,2.0
1,23,37.61522368914976,2.0
3,31,29.615223689149758,2.0
2,26,34.201010126776666,1.5
4,32,28.615223689149758,2.5
1,24,36.201010126776666,2.0
2,26,34.201010126776666,2.0
1,23,37.61522368914976,2.0
0,22,38.201010126776666,0
1,27,33.201010126776666,2.0
2,23,38.02943725152285,2.0
4,31,30.029437251522854,2.0
1,23,37.201010126776666,2.0
0,19,42.02943725152285,0
0,25,34.786796564403566,0
0,19,42.02943725152285,0
1,26,33.786796564403566,4.0
1,23,37.201010126776666,2.0
0,20,40.61522368914976,0
2,27,33.201010126776666,2.0
1,24,37.02943725152285,4.0
2,26,34.201010126776666,2.0
3,29,31.615223689149758,4.0
0,21,39.61522368914976,0
5,38,21.786796564403573,3.0
1,22,38.61522368914976,2.0
2,27,33.61522368914976,3.0
2,28,33.02943725152285,3.0
1,23,37.61522368914976,2.0
2,27,33.61522368914976,3.0
2,27,33.61522368914976,3.0
1,22,39.02943725152285,2.0
4,32,28.201010126776662,3.5
1,22,38.61522368914976,2.0
2,24,36.61522368914976,3.0
2,26,33.786796564403566,2.5
0,22,38.61522368914976,0
2,28,32.201010126776666,3.0
0,22,38.61522368914976,0
1,24,36.61522368914976,2.0
4,34,25.372583002030474,2.0
2,26,34.61522368914976,4.0
0,22,38.61522368914976,0
7,38,22.61522368914976,2.0
2,27,34.02943725152285,3.0
0,21,39.201010126776666,0
4,31,30.029437251522854,2.0
1,24,37.02943725152285,4.0
0,22,37.37258300203047,0
2,27,34.02943725152285,2.0
1,25,35.201010126776666,2.0
1,26,34.201010126776666,2.0
3,29,31.615223689149758,2.0
0,23,37.201010126776666,0
0,19,42.02943725152285,0
2,26,34.61522368914976,3.5
1,22,39.02943725152285,2.0
2,27,33.61522368914976,2.5
1,24,37.02943725152285,2.0
4,37,21.95836943965738,3.0
1,24,36.61522368914976,4.0
1,25,35.61522368914976,4.0
1,27,32.786796564403566,2.0
0,19,42.02943725152285,0
0,22,39.02943725152285,0
0,20,40.61522368914976,0
2,28,32.61522368914976,3.0
0,21,39.61522368914976,0
0,19,42.02943725152285,0
1,25,35.201010126776666,4.0
0,21,39.61522368914976,0
0,19,42.02943725152285,0
0,19,42.02943725152285,0
5,39,20.372583002030474,3.0
4,34,25.372583002030474,3.0
1,22,39.02943725152285,2.0
4,40,18.958369439657382,4.0
1,23,38.02943725152285,2.0
1,27,32.786796564403566,4.0
0,23,36.786796564403566,0
5,33,26.786796564403566,2.0
0,23,37.61522368914976,0
1,22,39.02943725152285,2.0
13,55,4.372583002030471,2.0
2,28,33.02943725152285,3.0
1,24,36.201010126776666,2.0
1,24,36.61522368914976,2.0
0,23,37.61522368914976,0
4,36,22.958369439657382,4.0
5,33,27.615223689149758,2.0
2,30,31.029437251522854,4.5
2,26,35.02943725152285,3.0
1,23,38.02943725152285,2.0
0,21,40.02943725152285,0
1,25,35.201010126776666,2.0
1,26,34.201010126776666,2.0
0,20,40.61522368914976,0
1,23,37.61522368914976,2.0
4,32,28.615223689149758,2.0
1,23,38.02943725152285,2.0
3,30,30.201010126776662,4.0
0,19,42.02943725152285,0
2,28,33.02943725152285,5.0
0,20,41.02943725152285,0
1,25,34.786796564403566,2.0
0,20,40.201010126776666,0
4,29,31.61522368914976,2.0
0,22,38.61522368914976,0
3,29,31.615223689149758,2.0
1,27,32.786796564403566,2.0
0,20,41.02943725152285,0
0,20,40.61522368914976,0
2,26,35.02943725152285,3.0
1,24,37.02943725152285,4.0
2,26,34.61522368914976,4.0
2,30,30.615223689149758,4.0
2,29,30.372583002030467,3.0
3,31,28.786796564403566,2.0
0,21,39.61522368914976,0
0,20,40.61522368914976,0
1,22,38.61522368914976,2.0
0,20,41.02943725152285,0
4,32,28.201010126776666,2.5
1,22,39.02943725152285,2.0
1,25,35.61522368914976,4.0
3,30,30.615223689149758,2.0
1,22,38.61522368914976,2.0
1,26,34.61522368914976,4.0
0,21,39.61522368914976,0
3,29,32.02943725152285,4.0
4,36,24.20101012677667,3.5
3,31,29.615223689149758,3.0
4,32,28.201010126776662,2.0
1,26,34.201010126776666,4.0
3,29,32.02943725152285,2.0
3,30,31.029437251522854,4.0
6,37,23.61522368914976,2.0
5,34,25.786796564403566,2.0
4,32,29.029437251522854,3.5
0,23,37.201010126776666,0
2,24,36.61522368914976,2.5
0,20,40.61522368914976,0
0,20,40.61522368914976,0
7,43,17.61522368914976,3.0
1,26,34.61522368914976,4.0
2,29,31.201010126776662,2.5
3,30,31.029437251522854,4.0
6,40,20.61522368914976,2.0
2,29,31.615223689149758,3.0
0,22,38.201010126776666,0
3,30,30.615223689149758,4.0
2,30,29.786796564403566,4.0
1,26,34.201010126776666,2.0
1,22,38.61522368914976,2.0
1,27,33.201010126776666,4.0
0,21,38.786796564403566,0
2,29,31.201010126776662,3.0
2,25,35.201010126776666,2.5
0,20,40.201010126776666,0
4,33,27.615223689149758,3.5
6,39,21.61522368914976,2.5
0,21,39.201010126776666,0
0,19,42.02943725152285,0
2,28,31.37258300203047,4.5
0,20,41.02943725152285,0
1,22,38.61522368914976,2.0
1,24,37.02943725152285,2.0
3,30,31.029437251522854,2.0
2,30,30.201010126776662,3.0
5,38,21.372583002030478,4.0
4,30,29.78679656440357,2.0
1,23,37.201010126776666,2.0
1,25,35.201010126776666,2.0
6,38,22.615223689149765,3.5
0,20,40.61522368914976,0
0,21,40.02943725152285,0
3,27,33.201010126776666,2.0
2,26,34.61522368914976,2.0
1,24,36.61522368914976,2.0
4,35,26.029437251522854,3.5
3,30,30.201010126776662,3.0
0,20,41.02943725152285,0
6,35,24.37258300203047,3.0
0,21,39.61522368914976,0
1,27,32.786796564403566,2.0
0,20,40.61522368914976,0
1,25,35.201010126776666,2.0
3,31,29.615223689149758,3.0
8,41,19.61522368914976,2.5
1,22,38.61522368914976,2.0
8,42,18.61522368914976,3.0
1,22,38.61522368914976,2.0
1,28,31.37258300203047,4.0
1,25,35.61522368914976,4.0
2,26,35.02943725152285,3.0
1,24,37.02943725152285,4.0
1,26,35.02943725152285,2.0
3,24,37.02943725152285,2.0
2,28,32.61522368914976,3.0
3,30,30.615223689149758,2.0
3,29,31.615223689149758,2.0
3,32,28.615223689149758,4.0
0,19,41.61522368914976,0
1,22,39.02943725152285,2.0
0,22,38.61522368914976,0
3,26,34.61522368914976,2.0
0,24,36.201010126776666,0
3,31,28.786796564403566,2.0
0,20,41.02943725152285,0
0,19,41.61522368914976,0
5,33,27.615223689149758,3.0
1,25,35.201010126776666,2.0
4,32,28.615223689149758,2.5
1,26,34.61522368914976,4.0
4,32,28.201010126776662,3.5
0,23,37.201010126776666,0
0,19,42.02943725152285,0
1,25,35.61522368914976,4.0
5,33,26.372583002030474,2.0
2,29,30.786796564403566,3.0
2,28,32.61522368914976,3.0
2,27,34.02943725152285,4.0
0,19,42.02943725152285,0
2,25,35.61522368914976,2.0
10,44,16.61522368914976,2.0
3,31,29.201010126776662,2.0
6,31,29.201010126776666,2.0
2,28,32.201010126776666,3.0
0,20,41.02943725152285,0
4,32,28.201010126776662,2.5
1,27,32.37258300203047,2.0
0,18,43.02943725152285,0
3,35,23.95836943965738,2.0
0,20,40.61522368914976,0
2,29,31.615223689149758,1.5
2,26,34.61522368914976,2.0
2,31,28.37258300203047,4.5
1,23,37.61522368914976,2.0
0,22,39.02943725152285,0
1,21,40.02943725152285,2.0
0,21,40.02943725152285,0
3,31,30.029437251522854,2.0
3,30,31.029437251522854,3.0
3,31,29.201010126776662,2.0
1,21,40.02943725152285,2.0
2,29,31.201010126776662,2.5
1,22,38.61522368914976,2.0
6,35,25.615223689149765,4.0
4,32,27.372583002030474,2.0
2,28,32.201010126776666,3.5
2,31,27.129942314911183,2.5
1,25,35.61522368914976,2.0
1,28,31.37258300203047,4.0
7,39,21.615223689149765,2.0
3,30,29.786796564403566,2.0
4,28,33.02943725152285,3.0
0,19,42.02943725152285,0
6,41,17.54415587728429,3.5
2,27,34.02943725152285,3.0
11,51,9.615223689149762,2.0
2,26,35.02943725152285,3.0
1,24,36.61522368914976,2.0
3,31,29.201010126776666,2.0
0,22,38.61522368914976,0
5,39,20.372583002030478,3.0
11,55,4.786796564403568,2.0
2,29,31.615223689149758,3.0
1,24,36.201010126776666,2.0
0,18,43.02943725152285,0
0,21,40.02943725152285,0
0,25,34.786796564403566,0
2,26,34.61522368914976,4.0
1,24,36.61522368914976,2.0
1,23,37.61522368914976,2.0
0,23,37.61522368914976,0
0,21,38.786796564403566,0
2,27,33.61522368914976,3.0
0,21,39.61522368914976,0
2,31,29.201010126776662,3.0
4,33,26.786796564403566,3.0
2,26,34.61522368914976,4.0
3,30,30.201010126776666,2.0
3,29,31.201010126776662,4.0
0,19,42.02943725152285,0
3,31,29.615223689149758,4.0
1,25,35.61522368914976,2.0
1,22,39.02943725152285,2.0
1,24,36.61522368914976,2.0
1,23,37.61522368914976,2.0
1,22,38.61522368914976,2.0
1,26,34.61522368914976,2.0
9,47,13.615223689149765,3.0
6,39,22.029437251522857,2.0
0,21,40.02943725152285,0
3,31,28.37258300203047,2.0
0,18,43.02943725152285,0
2,26,34.61522368914976,3.0
4,33,27.615223689149758,3.0
2,27,33.61522368914976,4.0
3,29,31.615223689149758,2.0
6,37,23.201010126776666,3.0
1,26,34.201010126776666,4.0
1,24,36.61522368914976,4.0
1,25,36.02943725152285,2.0
1,25,36.02943725152285,4.0
1,25,35.61522368914976,2.0
0,23,37.61522368914976,0
3,30,30.201010126776662,3.0
2,26,34.201010126776666,2.5
1,26,33.786796564403566,2.0
0,22,38.61522368914976,0
1,23,37.61522368914976,2.0
0,22,38.201010126776666,0
1,24,36.61522368914976,2.0
0,20,40.61522368914976,0
0,21,39.201010126776666,0
2,28,33.02943725152285,3.0
1,23,37.61522368914976,2.0
1,24,36.201010126776666,2.0
3,30,30.201010126776662,4.0
1,23,37.201010126776666,2.0
4,33,27.615223689149758,2.5
0,19,41.61522368914976,0
1,23,37.201010126776666,2.0
8,43,17.201010126776666,3.0
0,22,37.37258300203047,0
0,20,40.61522368914976,0
2,31,29.201010126776662,3.0
1,24,36.61522368914976,4.0
0,19,42.02943725152285,0
2,26,35.02943725152285,3.0
1,25,34.786796564403566,2.0
0,18,43.02943725152285,0
1,25,34.37258300203047,2.0
3,30,30.201010126776662,4.0
3,30,30.201010126776666,3.0
1,24,36.201010126776666,2.0
2,29,31.201010126776662,3.0
0,20,40.61522368914976,0
0,21,39.201010126776666,0
0,19,41.61522368914976,0
0,20,40.61522368914976,0
2,24,36.61522368914976,2.0
2,26,34.61522368914976,2.0
4,32,28.615223689149758,2.0
2,28,33.02943725152285,3.5
2,30,30.201010126776662,4.0
4,36,23.372583002030474,3.0
0,22,38.61522368914976,0
2,24,37.02943725152285,3.0
2,27,32.786796564403566,2.5
2,27,33.61522368914976,3.5
0,23,37.201010126776666,0
2,24,36.61522368914976,2.5
4,33,26.786796564403566,4.0
1,26,34.201010126776666,2.0
1,25,35.61522368914976,2.0
2,28,32.61522368914976,3.0
0,21,40.02943725152285,0
7,40,18.95836943965738,3.0
2,27,34.02943725152285,3.0
2,26,34.61522368914976,4.0
3,30,30.201010126776662,3.0
3,29,31.201010126776662,3.0
1,26,34.61522368914976,2.0
3,34,25.372583002030474,4.0
6,36,23.786796564403573,3.0
1,22,39.02943725152285,2.0
3,29,31.201010126776662,2.0
1,26,34.201010126776666,4.0
3,28,32.61522368914976,3.0
9,43,17.201010126776666,2.0
2,26,34.61522368914976,2.0
1,24,37.02943725152285,2.0
1,22,38.61522368914976,2.0
5,39,20.78679656440357,4.0
0,21,39.201010126776666,0
2,28,32.61522368914976,3.5
1,26,33.786796564403566,2.0
0,21,39.61522368914976,0
1,24,37.02943725152285,2.0
1,26,34.201010126776666,2.0
2,27,33.201010126776666,3.5
7,41,19.201010126776666,3.0
1,23,37.201010126776666,2.0
0,20,41.02943725152285,0
2,30,28.958369439657375,4.5
6,36,25.029437251522854,3.5
0,19,41.61522368914976,0
0,22,38.61522368914976,0
0,22,38.61522368914976,0
2,26,35.02943725152285,3.0
1,27,32.786796564403566,4.0
0,19,42.02943725152285,0
1,22,39.02943725152285,2.0
0,20,40.61522368914976,0
3,32,28.615223689149758,4.0
3,28,31.78679656440357,3.0
1,21,40.02943725152285,2.0
1,25,35.201010126776666,2.0
3,30,31.029437251522854,4.0
2,28,32.201010126776666,2.5
3,31,29.201010126776662,2.0
3,31,29.201010126776662,4.0
2,25,35.61522368914976,2.0
3,29,32.02943725152285,3.0
1,25,35.201010126776666,2.0
6,38,22.201010126776666,3.0
4,34,26.615223689149758,3.5
1,21,40.02943725152285,2.0
5,34,27.029437251522854,3.0
0,20,40.61522368914976,0
1,23,38.02943725152285,2.0
0,21,39.201010126776666,0
0,20,40.61522368914976,0
1,25,36.02943725152285,4.0
2,26,34.61522368914976,3.0
0,19,42.02943725152285,0
0,23,36.786796564403566,0
1,23,37.201010126776666,2.0
4,30,30.615223689149758,2.0
2,25,35.61522368914976,2.5
0,21,39.201010126776666,0
0,21,40.02943725152285,0
0,20,40.61522368914976,0
1,26,33.786796564403566,4.0
0,24,35.786796564403566,0
0,20,41.02943725152285,0
2,28,32.61522368914976,3.0
3,29,31.615223689149758,3.0
2,27,34.02943725152285,4.0
1,25,34.786796564403566,2.0
2,26,35.02943725152285,3.0
0,20,40.61522368914976,0
2,31,28.37258300203047,3.0
1,26,34.201010126776666,2.0
2,26,34.61522368914976,3.0
1,27,32.37258300203047,2.0
2,31,28.37258300203047,3.0
1,23,37.61522368914976,2.0
1,22,38.61522368914976,2.0
1,24,36.61522368914976,4.0
5,35,25.201010126776666,3.0
2,27,33.61522368914976,3.0
1,25,35.201010126776666,4.0
2,24,36.61522368914976,2.5
8,46,12.958369439657378,3.0
2,23,38.02943725152285,2.0
5,36,24.61522368914976,4.0
1,26,34.61522368914976,4.0
1,23,37.61522368914976,2.0
1,22,39.02943725152285,2.0
3,29,31.615223689149758,4.0
1,24,36.201010126776666,2.0
0,20,40.61522368914976,0
1,21,39.61522368914976,2.0
1,26,34.201010126776666,4.0
0,22,38.201010126776666,0
2,28,33.02943725152285,3.0
0,21,39.61522368914976,0
0,20,40.61522368914976,0
0,18,43.02943725152285,0
6,40,19.78679656440357,3.5
1,21,40.02943725152285,2.0
3,28,32.201010126776666,2.0
0,23,37.201010126776666,0
5,32,27.786796564403566,3.0
0,20,40.61522368914976,0
0,22,38.61522368914976,0
3,28,32.61522368914976,2.0
0,21,40.02943725152285,0
1,21,40.02943725152285,2.0
3,29,32.02943725152285,2.0
2,28,32.61522368914976,3.0
0,22,39.02943725152285,0
1,26,34.201010126776666,4.0
3,27,33.201010126776666,2.0
3,28,32.201010126776666,2.0
4,35,25.201010126776666,4.0
4,31,30.029437251522854,2.0
2,26,35.02943725152285,3.0
1,22,38.61522368914976,2.0
0,19,42.02943725152285,0
0,24,36.201010126776666,0
0,23,37.61522368914976,0
0,21,40.02943725152285,0
1,23,38.02943725152285,4.0
1,24,36.61522368914976,2.0
3,28,33.02943725152285,2.0
9,48,10.95836943965738,4.0
2,27,32.786796564403566,2.0
2,27,34.02943725152285,3.0
3,31,28.786796564403566,2.0
0,20,40.61522368914976,0
2,29,31.201010126776662,4.0
2,30,30.615223689149758,4.0
0,23,36.786796564403566,0
0,20,40.61522368914976,0
3,34,26.201010126776666,4.0
6,38,22.201010126776666,3.0
4,33,26.78679656440357,2.5
0,21,39.201010126776666,0
3,29,31.615223689149758,4.0
2,28,32.61522368914976,3.0
0,22,38.61522368914976,0
2,29,31.201010126776662,3.5
1,21,40.02943725152285,2.0
1,24,36.201010126776666,2.0
0,19,42.02943725152285,0
2,31,27.958369439657375,3.0
5,39,20.372583002030474,4.0
10,45,16.029437251522854,2.0
1,23,38.02943725152285,2.0
0,18,43.02943725152285,0
0,22,38.61522368914976,0
2,26,34.61522368914976,3.0
1,25,35.201010126776666,2.0
1,21,40.02943725152285,2.0
0,24,35.37258300203047,0
0,20,41.02943725152285,0
2,28,33.02943725152285,4.0
1,23,38.02943725152285,4.0
0,19,42.02943725152285,0
0,23,37.201010126776666,0
1,26,33.786796564403566,4.0
9,40,19.372583002030478,2.0
0,19,42.02943725152285,0
1,28,31.37258300203047,4.0
0,21,39.61522368914976,0
2,24,36.61522368914976,2.5
1,23,37.61522368914976,2.0
8,42,17.78679656440357,3.5
0,24,35.786796564403566,0
1,25,35.201010126776666,2.0
3,30,30.615223689149758,4.0
1,25,35.61522368914976,4.0
1,24,36.61522368914976,2.0
3,26,34.201010126776666,2.0
0,20,41.02943725152285,0
5,33,28.029437251522854,2.0
0,23,37.61522368914976,0
3,32,27.372583002030474,4.0
5,33,27.61522368914976,3.0
0,21,40.02943725152285,0
1,23,38.02943725152285,2.0
5,35,25.615223689149758,2.0
0,22,38.61522368914976,0
0,21,39.201010126776666,0
3,28,32.61522368914976,4.0
1,23,37.61522368914976,2.0
0,18,43.02943725152285,0
0,21,40.02943725152285,0
0,20,41.02943725152285,0
2,27,34.02943725152285,3.0
2,26,35.02943725152285,4.0
6,38,23.029437251522857,3.5
1,22,38.61522368914976,2.0
1,25,35.201010126776666,2.0
0,20,40.61522368914976,0
3,30,31.029437251522854,2.0
7,42,18.201010126776666,2.0
3,33,26.786796564403566,4.0
3,33,26.786796564403566,4.0
1,25,36.02943725152285,4.0
3,30,30.201010126776662,4.0
7,42,17.78679656440357,3.0
2,26,35.02943725152285,2.5
3,30,30.615223689149758,4.0
1,26,34.201010126776666,4.0
5,36,24.20101012677667,3.0
0,25,34.786796564403566,0
2,25,35.61522368914976,2.5
1,24,36.61522368914976,2.0
4,37,22.372583002030474,2.5
0,20,40.61522368914976,0
1,21,40.02943725152285,2.0
1,22,39.02943725152285,2.0
